model,target,rmse_train,rmse_test,mae_train,mae_test,r2_train,r2_test
Linear regression,log_price,0.406066969302967,0.4110961981090637,0.3166296908956062,0.3057979889036889,0.7559001567757238,0.7334921124301877
